{"K": [[616.741455078125, 0.0, 324.817626953125], [0.0, 616.919677734375, 238.0455780029297], [0.0, 0.0, 1.0]], "resolution": [480, 640]}
